step,total_loss,adv_loss,style_loss,content_loss,tv_loss,target_confidence,top1
1.0,2046.6173095703125,14.5639066696167,0.02467247098684311,0.0,0.02688039466738701,4.731248850475822e-07,636.0
