step,total_loss,adv_loss,style_loss,content_loss,tv_loss,target_confidence,top1
1.0,5975.73681640625,16.348581314086914,0.07367492467164993,0.0,0.05868729203939438,7.941476809492087e-08,654.0
