step,total_loss,adv_loss,style_loss,content_loss,tv_loss,target_confidence,top1
1.0,1889.540771484375,22.56584930419922,0.022208893671631813,0.0,0.025655139237642288,1.5840766198760292e-10,846.0
