step,total_loss,adv_loss,style_loss,content_loss,tv_loss,target_confidence,top1
1.0,2766.95263671875,13.306929588317871,0.03375522419810295,0.0,0.06591460108757019,1.6629297761028283e-06,943.0
