step,total_loss,adv_loss,style_loss,content_loss,tv_loss,target_confidence,top1
1.0,6009.2470703125,25.41839027404785,0.07352694123983383,0.0,0.1056908518075943,9.13972196536772e-12,156.0
