step,total_loss,adv_loss,style_loss,content_loss,tv_loss,target_confidence,top1
1.0,2495.138916015625,20.043094635009766,0.029936540871858597,0.0,0.022335011512041092,1.9742167900460572e-09,399.0
