step,total_loss,adv_loss,style_loss,content_loss,tv_loss,target_confidence,top1
1.0,4215.748046875,8.357390403747559,0.052174512296915054,0.0,0.03135967254638672,0.00023465589038096368,919.0
