step,total_loss,adv_loss,style_loss,content_loss,tv_loss,target_confidence,top1
1.0,2109.3291015625,16.021631240844727,0.025365261361002922,0.0,0.019995560869574547,1.1012698308832114e-07,879.0
